{"cameraMode":{"drawMode":0,"name":"Shaded","section":"Shading Mode"},"sceneLighting":true,"audioPlay":false,"sceneViewState":{"m_AlwaysRefresh":false,"showFog":true,"showSkybox":true,"showFlares":true,"showImageEffects":true,"showParticleSystems":true,"showVisualEffectGraphs":true,"m_FxEnabled":true},"in2DMode":false,"pivot":{"x":16.220670700073243,"y":6.301565647125244,"z":114.0934829711914},"rotation":{"x":-0.05556626245379448,"y":-0.08135728538036347,"z":0.005244925618171692,"w":-0.9956828355789185},"size":28.35492706298828,"orthographic":false}