{"cameraMode":{"drawMode":0,"name":"Shaded","section":"Shading Mode"},"sceneLighting":true,"audioPlay":false,"sceneViewState":{"m_AlwaysRefresh":false,"showFog":true,"showSkybox":false,"showFlares":true,"showImageEffects":true,"showParticleSystems":true,"showVisualEffectGraphs":true,"m_FxEnabled":true},"in2DMode":false,"pivot":{"x":34.954532623291019,"y":-29.490184783935548,"z":-31.500267028808595},"rotation":{"x":-0.13023893535137177,"y":-0.8559653759002686,"z":0.2602093815803528,"w":-0.42773371934890749},"size":33.110530853271487,"orthographic":false}