{"cameraMode":{"drawMode":0,"name":"Shaded","section":"Shading Mode"},"sceneLighting":true,"audioPlay":false,"sceneViewState":{"m_AlwaysRefresh":false,"showFog":true,"showSkybox":false,"showFlares":true,"showImageEffects":true,"showParticleSystems":true,"showVisualEffectGraphs":true,"m_FxEnabled":true},"in2DMode":false,"pivot":{"x":4.8543829917907719,"y":2.874631404876709,"z":-18.81125831604004},"rotation":{"x":0.057440876960754397,"y":0.5731623768806458,"z":0.03039274737238884,"w":-0.8176987171173096},"size":1.9968304634094239,"orthographic":false}